added_order	archive	source_rank	count	playlist_entry
1	hvsc	3		hvsc:/MUSICIANS/H/Hubbard_Rob/Sanxion.sid
2	hvsc	4		hvsc:/MUSICIANS/H/Hubbard_Rob/International_Karate.sid
3	hvsc	5		hvsc:/MUSICIANS/H/Hubbard_Rob/Commando.sid
4	hvsc	7		hvsc:/MUSICIANS/H/Hubbard_Rob/Delta.sid
5	hvsc	16		hvsc:/MUSICIANS/H/Hubbard_Rob/Knucklebusters.sid
6	hvsc	17		hvsc:/MUSICIANS/H/Hubbard_Rob/Auf_Wiedersehen_Monty.sid
7	hvsc	19		hvsc:/MUSICIANS/H/Hubbard_Rob/Nemesis_the_Warlock.sid
8	hvsc	30		hvsc:/MUSICIANS/H/Hubbard_Rob/Lightforce.sid
9	hvsc	47		hvsc:/MUSICIANS/H/Hubbard_Rob/Zoids.sid
10	hvsc	52		hvsc:/MUSICIANS/H/Hubbard_Rob/ACE_II.sid
11	hvsc	53		hvsc:/MUSICIANS/H/Hubbard_Rob/Thrust.sid
12	hvsc	55		hvsc:/MUSICIANS/H/Hubbard_Rob/BMX_Kidz.sid
13	hvsc	69		hvsc:/MUSICIANS/H/Hubbard_Rob/Gerry_the_Germ.sid
14	hvsc	92		hvsc:/MUSICIANS/H/Hubbard_Rob/Kentilla.sid
15	modland	2	183163	modland:/Protracker/Captain/space_debris.mod
16	modland	4	151487	modland:/Fasttracker%202/Elwood/deadlock.xm
17	modland	12	84779	modland:/Fasttracker%202/Gaius/coop-Bazooie/squired.xm
18	modland	13	83927	modland:/Screamtracker%203/Karsten%20Koch/aryx.s3m
19	modland	16	72426	modland:/Fasttracker%202/Andreas%20Viklund/coop-Virtuos/dreams.xm
20	modland	28	56307	modland:/Screamtracker%203/Necros/click.s3m
21	modland	44	41937	modland:/Fasttracker%202/Elwood/experience.xm
22	modland	77	30616	modland:/Protracker/The%20Mixer%20%28CA%29/macarena.mod
23	modland	80	29726	modland:/Protracker/Dr.%20Awesome/andante.mod
24	modland	112	24776	modland:/Screamtracker%203/Purple%20Motion/ssi-intro.s3m
25	modland	119	23930	modland:/Screamtracker%203/Purple%20Motion/skyrider.s3m
26	modland	124	23211	modland:/Protracker/Stamen/abandon.mod
27	modland	129	22984	modland:/Fasttracker%202/Jogeir%20Liljedahl/suspiria.xm
28	modland	145	21817	modland:/Fasttracker%202/Quiet%20Sound/a-night.xm
29	modland	151	21321	modland:/Screamtracker%203/Purple%20Motion/unreal.s3m
30	modland	178	19828	modland:/Fasttracker%202/Justin%20Flavin/aaaah.xm
31	modland	182	19670	modland:/Protracker/U4ia/1993.mod
32	modland	209	17926	modland:/Screamtracker%203/Rabiteman/abandon.s3m
33	modland	212	17868	modland:/Screamtracker%203/Skaven/network.s3m
34	modland	226	17272	modland:/Protracker/Purple%20Motion/soul-o-matic.mod
35	modland	235	16960	modland:/Screamtracker%203/Necros/isotoxin.s3m
36	modland	236	16960	modland:/Protracker/Maktone/class09.mod
37	modland	246	16694	modland:/Screamtracker%203/Necros/eden.s3m
38	modland	254	16362	modland:/Screamtracker%203/Phoenix/babylon.s3m
39	modland	334	14307	modland:/Impulsetracker/Aitrus/mystified.it
40	vgmrips	1		vgmrips:/Systems/Namco/Namco%20System%202/Dragon%20Saber%3A%20After%20Story%20of%20Dragon%20Spirit/04%20Submerged%20City%20%28Stage%201%29.vgz
41	vgmrips	2		vgmrips:/Systems/Sega/Arcade/Out%20Run/02%20Passing%20Breeze.vgz
42	vgmrips	3		vgmrips:/Systems/Toaplan/Toaplan%202/Battle%20Garegga/06%20Fly%20to%20the%20Leaden%20Sky%20%5BStage%201%20Valley%5D.vgz
43	vgmrips	4		vgmrips:/Systems/Sega/Model%202/Daytona%20USA/04%20Let%27s%20Go%20Away.vgz
44	vgmrips	5		vgmrips:/Systems/ASCII/MSX2/Space%20Manbow/03%20Battle%20Ship%20%281st.BGM%29.vgz
45	vgmrips	6		vgmrips:/Systems/Nintendo/Nintendo%20Entertainment%20System/Journey%20to%20Silius%20%28U%2C%20E%2C%20A%29%20-%20Raf%20World%20%28J%29/03%20Stage%201%2C%20Final%20Stage.vgz
46	vgmrips	7		vgmrips:/Systems/Sharp/X68000/Akumajo%20Dracula/08%20Thrashard%20in%20The%20Cave%20%28Stage%202%29.vgz
47	vgmrips	8		vgmrips:/Systems/ASCII/MSX2/Metal%20Gear%202%3A%20Solid%20Snake/01%20Theme%20of%20Solid%20Snake%20%28Opening%20BGM%201%29.vgz
48	vgmrips	9		vgmrips:/Systems/NEC/PC-8801/The%20Scheme/03%20The%20Legend%20of%20Hero.vgz
49	vgmrips	10		vgmrips:/Systems/Nintendo/Family%20Computer/Gimmick%21%20%28J%29/03%20Happy%20Birthday%20%28Stage%201%29.vgz
50	vgmrips	11		vgmrips:/Systems/Sega/Y%20Board/Galaxy%20Force%20II/04%20Beyond%20the%20Galaxy%20%28Scene%20A%20-%20Level%201%29.vgz
51	vgmrips	12		vgmrips:/Systems/Sega/Mega%20Drive/Thunder%20Force%20IV%20%28W%29%20-%20Lightening%20Force%3A%20Quest%20for%20the%20Darkstar%20%28U%29/04%20-%20Fighting%20Back%20%28Stage%201A%29.vgz
52	vgmrips	13		vgmrips:/Systems/Sharp/X68000/Star%20Trader/03%20The%20Logic%20of%20Shooters%20%28Stage%201%20Zone%20Silva%29.vgz
53	vgmrips	15		vgmrips:/Systems/Other/Arcade%20Machine/Hyper%20Duel/03%20Buster%20Gear%20Cyber%20Fleet%20%28Stage%201%29.vgz
54	vgmrips	16		vgmrips:/Systems/Nintendo/Nintendo%20Entertainment%20System/Silver%20Surfer/04%20Section%20BGM%201.vgz
55	vgmrips	17		vgmrips:/Systems/Sega/Mega%20Drive/Time%20Trax/03%20-%20Stages%201%2C%203%2C%208.vgz
56	vgmrips	18		vgmrips:/Systems/Toaplan/Toaplan%202/Armed%20Police%20Batrider/07%20Easy%20To%20Go%20%5BStage%201%20Manhattan%20City%5D.vgz
57	vgmrips	19		vgmrips:/Systems/Sega/Genesis/Streets%20of%20Rage%202%20%28W%29%20-%20Bare%20Knuckle%20II%3A%20Shitou%20e%20no%20Requiem%20%28J%29/02%20-%20Go%20Straight.vgz
58	vgmrips	20		vgmrips:/Systems/NEC/PC-9801/Grounseed/03%20Hometown%20%28Remix%20city%29%20%5BStreet%5D.vgz
59	vgmrips	22		vgmrips:/Systems/Sega/System%2016C/Fantasy%20Zone%20II%20DX%20-%203D%20Fantasy%20Zone%20II%20W/03%20Start%20~%20Cholacoray%20%5BRound%201%5D.vgz
60	vgmrips	23		vgmrips:/Systems/NEC/PC%20Engine/Magical%20Chase/04%20Rampish%20Chase%20%281ST%20STAGE%20-%20WALL%20TOWN%29.vgz
61	vgmrips	24		vgmrips:/Systems/Sega/Genesis/Streets%20of%20Rage%20%28W%29%20-%20Bare%20Knuckle%3A%20Ikari%20no%20Tekken%20%28J%29/03%20-%20Fighting%20in%20the%20Street.vgz
62	vgmrips	25		vgmrips:/Systems/Sega/Arcade/Super%20Hang-On/03%20Outride%20A%20Crisis.vgz
63	vgmrips	26		vgmrips:/Systems/Sega/Hang-On/Space%20Harrier/07%20Battle%20Field%20%28Bonus%20Stage%29.vgz
64	vgmrips	27		vgmrips:/Systems/Sega/Mega%20Drive/Gauntlet%20IV%20%28W%29%20-%20Gauntlet%20%28J%29/06%20-%20Back%20of%20Beyond.vgz
65	vgmrips	28		vgmrips:/Systems/Sharp/X68000/Dragon%20Spirit/04%20The%20Paleozoic%20Era%20%28Area%201%29.vgz
66	vgmrips	29		vgmrips:/Systems/Jaleco/Mega%20System%201/Soldam/04%20Morning%20Comes%20to%20the%20Forest%20of%20Fairies%20%5BSoldam%20Mode%201%5D.vgz
67	vgmrips	30		vgmrips:/Systems/Sega/Mega%20Drive/Midnight%20Resistance/01%20-%20Flood%20of%20Power%20%28BGM%201%29.vgz
68	vgmrips	31		vgmrips:/Systems/Taito/Arcade/The%20Ninja%20Warriors/05%20Daddy%20Mulk.vgz
69	vgmrips	32		vgmrips:/Systems/ASCII/MSX2/SD%20Snatcher/04%20Modern%20Crusade.vgz
70	vgmrips	33		vgmrips:/Systems/SNK/Neo%20Geo/Neo%20Turf%20Masters%20%28W%29%20-%20Big%20Tournament%20Golf%20%28J%29/09%20Fujiyama%20Oriental%20Golf%20Club%20-%20Japan.vgz
71	vgmrips	34		vgmrips:/Systems/ASCII/MSX/Nemesis%202%20%28E%29%20-%20Gradius%202%20%28J%29/01%20Above%20the%20Horizon%20%28Opening%20Theme%29.vgz
72	vgmrips	35		vgmrips:/Systems/Capcom/ZN-2/Street%20Fighter%20EX2%20Plus/09%20Lost%20Sea%20%28Pirate%20Ship%20Stage%29.vgz
73	vgmrips	36		vgmrips:/Systems/Sega/Mega%20Drive/The%20Hybrid%20Front/07%20-%20Earth%20~%20Sukarabe%20Fight%20BGM%202.vgz
74	vgmrips	37		vgmrips:/Systems/Sharp/X68000/Namachuukei%2068/06%20Pennant%20Race.vgz
75	vgmrips	38		vgmrips:/Systems/SNK/Neo%20Geo/Viewpoint/04%20Not%20All%20There%20Area%201.vgz
76	vgmrips	39		vgmrips:/Systems/Irem/M92/Undercover%20Cops%20%28J%29%20-%20Undercover%20Cops%20Alpha%3A%20Renewal%20Version%20%28W%29/05%20Northern%20Barramundi%20%28Stage%201%29.vgz
77	vgmrips	40		vgmrips:/Systems/Williams/Williams%20System%2011B/Black%20Knight%202000/04%20Main%20Theme.vgz
78	vgmrips	41		vgmrips:/Systems/NEC/PC-9801/Brandish%203%3A%20Spirit%20of%20Balcan/02%20Legend%20of%20the%20Lone%20Wolves.vgz
79	vgmrips	43		vgmrips:/Systems/Sega/Mega%20Drive/The%20Revenge%20of%20Shinobi%20%28W%29%20-%20The%20Super%20Shinobi%20%28J%29/06%20-%20Sunrise%20Blvd.vgz
80	bitmidi	1	254553	bitmidi:/Popular/Bohemian-Rhapsody-1.mid
81	bitmidi	2	202457	bitmidi:/Popular/Beethoven-Moonlight-Sonata.mid
82	bitmidi	4	166925	bitmidi:/Popular/Attack%20on%20Titan%20-%20Jiyuu%20no%20Tsubasa.mid
83	bitmidi	5	140501	bitmidi:/Popular/A-Whole-New-World-%28Theme-From-%27Aladdin%27%29.mid
84	bitmidi	6	101841	bitmidi:/Popular/Backstreet%20Boys%20-%20I%20Want%20It%20That%20Way.mid
85	bitmidi	8	83566	bitmidi:/Popular/ACDC.Thunderstruck%20K.mid
86	bitmidi	11	69578	bitmidi:/Popular/Bakemonogatari%20-%20Renai%20Circulation%20%28musicbox%20version%29.mid
87	bitmidi	12	53071	bitmidi:/Popular/Billy%20Joel%20-%20Piano%20Man.mid
88	bitmidi	13	52941	bitmidi:/Popular/Avicii%20-%20Levels.mid
89	bitmidi	14	52018	bitmidi:/Popular/BONEY%20M.Rasputin%20K.mid
90	bitmidi	15	45686	bitmidi:/Popular/A%20HA.Take%20on%20me%20%20K.mid
91	bitmidi	17	37708	bitmidi:/Popular/ACDC.Highway%20to%20Hell%20K.mid
92	bitmidi	20	33281	bitmidi:/Popular/Aqua%20-%20Barbie%20Girl.mid
93	bitmidi	21	31318	bitmidi:/Popular/avicii-wake_me_up.mid
94	bitmidi	22	31052	bitmidi:/Popular/Billie-Jean-1.mid
95	bitmidi	28	26412	bitmidi:/Popular/Axel-F-1.mid
96	bitmidi	30	25566	bitmidi:/Popular/Armin%20van%20Buuren%20%26%20Ferry%20Corsten%20-%20Brut.mid
97	bitmidi	32	25035	bitmidi:/Popular/BassHunter%20-%20Dota.mid
98	bitmidi	38	23575	bitmidi:/Popular/Bon%20Jovi%20-%20Living%20on%20a%20Prayer.mid
99	bitmidi	40	21654	bitmidi:/Popular/Age%20of%20Empires%20II%20The%20Age%20of%20Kings%20-%20Menu.mid
100	bitmidi	43	21179	bitmidi:/Popular/Advance%20Wars%20-%20Drakes%20Theme.mid
